cedar,CAACAgIAAxkBAAEP6dNpLTHH94RbTX5mO7IrlFdURzinsgACwTsAAlM6SEu3SCQ7zWxxAjYE
iris,CAACAgIAAxkBAAPLaK2PKJhr6P2zBFYkVWsFaXASmGkAAvduAAL2c6lLTAxa3J26Cwc2BA
pumpkin,CAACAgIAAxkBAAEP6dVpLTHhrYH-v6NlI5gTAAGelWnvGG0AAu8zAALa4lBLWMeTdnrNroc2BA
flower tree,CAACAgIAAxkBAAEP6ddpLTIiG84dhuNl9_4zuQeg7Bwq2gACDDcAAjNpUUsVH54KCU0dCTYE
treehouse,CAACAgIAAxkBAAEP6dlpLTI8D48-T9QmZRuNssMF05ceeQACmjgAArJcUEtaEAh_u7fq3DYE
nest,CAACAgIAAxkBAAEP6dtpLTI-gqbNPyhvfcXF5uEqT8XLxwACojcAAuzQUEtJdeqXv3jPDzYE
lemon tree,CAACAgIAAxkBAAEP6d1pLTJFTfjCdJK8NBRWv4ra2vzxlgACIDcAAlmYUUszI_8GLDMYwjYE
triplets,CAACAgIAAxkBAAEP6d9pLTJUqfGZ43WajhY0ITZhNmO7hAAC_T4AAixySEvkwXYKjQkPIzYE
bush,CAACAgIAAxkBAAEP6eFpLTJpkYVz8wvpdJ08z4s8zt2JNgAC6zgAAmdcSEtwrEnosskgaDYE
octopus,CAACAgUAAxkBAAEP6qtpLVr93kTsmvRKIk9fhrCa37JrpgACzh0AAtb6cFX8D6-UwUWjJTYE
cherry blossom,CAACAgIAAxkBAAEP6eVpLTKe-msZ6SxcpJN5B-ENlvzvVwACgTkAAjADSUtdXl_EJQ15rTYE
coconut tree,CAACAgUAAxkBAAEP6qdpLVr7MSHy4GIhHuxRIxl548gMrgACdBsAAmCnaVVXTbI6-r3GATYE
kitty,CAACAgIAAxkBAAEP6m1pLTu_v1g8ChrZ48gx3XF6d2VpoQACYEUAAjJlUUtxJZCisnIDCDYE
flourishing grass,CAACAgIAAxkBAAEP6elpLTOocfIl4cWpAinUmLcD7_M2vAACRjwAAtpSSEtF5Tk6Q7OaoTYE
chinese pine,CAACAgIAAxkBAAEP6oxpLUEvQG5BnNn05eHzbTb2eSUPWwACTToAAhDfUUs0YMSfv7xrHTYE
ball cactus,CAACAgIAAxkBAAEP6etpLTPT6qoUQBnGwysL6g0INQHJVgACmjAAAiUZUUsM-fMba3LLEzYE
scarecrow,CAACAgIAAxkBAAEP6e1pLTPlzlE98X7-iQvMakNnjMLLrwACZzYAAoRbUUuujxliF8nl7jYE
christmas tree,CAACAgIAAxkBAAIBamitwq27MgqPb9w2Vjzx4eJoRmZxAAKPLQACz2xRSi75xF9KLPpONgQ
mushroom,CAACAgIAAxkBAAEP6e9pLTPyDwaraE2l95-4jtQNn5_dAgACmDkAAo-2SUsXfFaTSn0KyzYE
cactus,CAACAgIAAxkBAAEP6fFpLTQS_lOlcojaGuVrlMyIsc8dAgAC_D0AAgc4UEsPV4lif92pbDYE
ginkgo,CAACAgIAAxkBAAEP6fNpLTQdva-d_5ZN5Mw42kWktyDlNAACMjYAArBKSUtZU5bIAz9X7DYE
wisteria,CAACAgIAAxkBAAEP6fVpLTQfiNeLC3SSiy8xEx50Lj7L6wACEzYAAmirUEs1OSS5OL3qxzYE
watermelon,CAACAgIAAxkBAAEP6fdpLTQmf0n2m8pOyBOE0WbMnNd6mwACezIAAs0EUUuViipfPE5agDYE
bamboo,CAACAgIAAxkBAAEP6flpLTRoJnUKqpovkNeqw3af4eBw6wACqDkAAqYyUUvrHHPpNUb_kjYE
candy tree,CAACAgIAAxkBAAEP6ftpLTR4KRhGAAFoIf8W2Py1Ph7HUtUAAtQ5AAIXpFBLf0xhthARItI2BA
sunflower,CAACAgIAAxkBAAEP6f1pLTR-nCUxs6GSIx1NxyhOs3VHIQACxjoAArRjUEu4w-oUzLJB4TYE
rose,CAACAgIAAxkBAAEP6f9pLTSDt_lMNAokfL8PyFA3XxZ3AwAC_jkAAualSUssi-uLyPg6KTYE
maple,CAACAgIAAxkBAAEP6gFpLTSHNCrm1dqlirX8ll1feYn6rgAC-jUAAtVNUUvCH59ZXso7yTYE
baobab,CAACAgIAAxkBAAEP6gNpLTST850WgGmJVeqMnq4Eoa7iwgACFDoAAvUdUUsL5S-7lcjSwTYE
rafflesia,CAACAgIAAxkBAAEP6gVpLTSdNF--eGA4dDPuiDuA34nmAwAC3TQAAhZEUEuBY_vKcJt2GzYE
banana,CAACAgIAAxkBAAEP6gdpLTSq8EOYOHtq2TLcOQQ55zWaZQACoTgAAg4jUEvgdU6liTXKLjYE
chinese bamboo,CAACAgIAAxkBAAIBomitw2LbhOSQ_iE0h5CSmIDT7AJfAAJ7KwACiJ1QSoIw_2PYIL8iNgQ
earth day tree,CAACAgIAAxkBAAEP6glpLTTocjrqBbcXrpNgtLEAAVYinJoAAtYyAAKZ61FLJJEPkG6A7lw2BA
carnation,CAACAgIAAxkBAAEP6gtpLTUSoiiqyhuG8RZxYVVp7h8XpQACWTYAAvcOUEsGUBSEhhwscDYE
apple tree,CAACAgIAAxkBAAEP6g1pLTUW0nqrKlt4g3kwasoWadzNtQACVjkAAhGMUUsvpyYOKWXzBjYE
starry tree,CAACAgIAAxkBAAEP6g9pLTU155QnQBqnYs3xJJytVfEcLAACDjUAAtpgUUt7NR1UgMUCFzYE
cuckoo clock,CAACAgIAAxkBAAEP6hFpLTVKrzL0k24SUZ2TARn5dy5xSgACcjUAAlGXUUvg7BkrOcb4fjYE
moon tree,CAACAgIAAxkBAAEP6hNpLTVQuAXDXJ4TLIUsyjI5WleMXAACgjQAAt0nUUtcbuak9Kwd-zYE
rainbow flower,CAACAgIAAxkBAAEP6hVpLTVuZc91ArLd6uvZWz7h0t8iRgACaTYAAitnUUv3QiQeC3zsdzYE
ghost mushroom,CAACAgIAAxkBAAEP6hdpLTV1ysgbQ_4AAR0T8Nqn5DwdxYIAAtdBAALxDElLX8ojd9PAwks2BA
blue oak tree,CAACAgIAAxkBAAEP6hlpLTV9G_IrOIOYTzobxeFA4_mjHgACWzMAAtReSEtV0VV57nKQsjYE
oak tree,CAACAgIAAxkBAAEP6htpLTWAU8Z9B3FyZVkmL5MIWE_ijQAC0jwAAna-SUu9oOPOwEuRmTYE
pink oak tree,CAACAgIAAxkBAAEP6h1pLTWJEWyBuMY92yZE879B1nPRUgACNzQAAp9YUEsjsDnFotaxPjYE
yellow oak tree,CAACAgIAAxkBAAEP6h9pLTWLwX-EWq0B4xjUWPRArQ0kigACIDEAAl0jUUsVMCyxbDDDdTYE
purple oak tree,CAACAgIAAxkBAAEP6iFpLTWOEdKrNdrXGlelw89TmL-ObwAC5joAAhZqSEvyNz4s_yj59zYE
cat-tail willow,CAACAgIAAxkBAAIB4mitxE-y2Jw5J_xRKcQovCrDYxooAAI2LQACeJBYSnf5wCmtplWhNgQ
blue flower,CAACAgIAAxkBAAEP6iNpLTX7nP5WV3KaPV5GqB7bY0OW_AACfzUAAvILUUsE1pNPD8ZZ7TYE
star coral,CAACAgIAAxkBAAEP6iVpLTYAARg9oH1YAY6Td1ogtKnEQCUAAiw3AAJvAAFRS0cGK1KIEVwUNgQ
chocolate strawberry cake,CAACAgIAAxkBAAEP6jlpLTmWwuaO-qR06yv3VepeZMCtgQACBjwAAlgwSEtR3dS1_WyH3DYE
cherry cheese cake,CAACAgIAAxkBAAEP6jdpLTmQOXSZF6xNKBq_rPjy4WBZxQACxzUAAve2UEvALqRrcecX5DYE
tiramisu,CAACAgIAAxkBAAEP6idpLTlmNrwJIDiDAY-WykK7vBY-YAACKDIAAmRBUEt3pE5cJynWDDYE
matcha azuki cake,CAACAgIAAxkBAAEP6jNpLTmABr01K_jucu317tKosH64gwAClDgAAhk0UUvK6ED-4jNxHjYE
lemon cake,CAACAgIAAxkBAAEP6jFpLTl86cCAHJpaQQLqvR7JY8RdrwACCjgAAkVYSUuTjwthrv9EszYE
black forest cake,CAACAgIAAxkBAAEP6ihpLTlnWjtd2YWj2ndy25z6AcPf-QAC1DYAAq80UEtnVj9c1GKvszYE
blueberry cake,CAACAgIAAxkBAAEP6i9pLTl6WEQkAAHq38VWmBv_DYKQ9JAAAhg3AAK8UVBLAY8ScesCMLw2BA
strawberry chiffon cake,CAACAgIAAxkBAAEP6jVpLTmHtmYF03oIXahJyG7_io-6EgAC5jAAAnZYUUs7UtPZ_myxUTYE
cake tree,CAACAgIAAxkBAAEP6m9pLTv2059cDYJtz1av6EcOTOFykAACEDQAAhSGUEvLiRnQXedtFTYE
doggo tree,CAACAgIAAxkBAAEP6edpLTOjdyPee9N47hv1Vvv2wewd1AACcD8AAn_ZSUvj5Y3NDjXC6TYE
bear's paw,CAACAgIAAxkBAAEP6j1pLTnGdpNB4Or-t-Plcu4E0GO2twACWzUAAmKSUEvfXZRH0u5xzDYE
starburst tree,CAACAgIAAxkBAAEP6j9pLTnL5gSR0hcpJdLqJGcDLmt0SQACnDoAAtgqSUtliNDPxLpUbjYE
unicorn tree,CAACAgIAAxkBAAEP6kFpLTndzzrl_wGp4rqJ-11XWBEX1gACvTEAAu-gUUskT0_8DCU1hDYE
space tree,CAACAgIAAxkBAAEP6kNpLTnlnYc5aNOgukT3FEPhVBk_RwACwjIAAlHTUEtb5v5LrwnqqzYE
celestial tree,CAACAgIAAxkBAAEP6kVpLTnoQze9ryPRFq1dKR9mnbzN3gACYjcAAiywUUtYLncQ5e2znDYE
weeping willow,CAACAgIAAxkBAAEP6kdpLTnvYOf74Cw6l_VqY04BtIYcpgACVDIAAqpQUEth7vaZBuAXFTYE
four-leaf clover,CAACAgIAAxkBAAEP6klpLToDWV_iQAtjRTqv-a5yp-m28gACMz0AAiVQUUui_qp8qTEU0DYE
forest spirit,CAACAgIAAxkBAAEP6ktpLToMPsJLq9VJSvwGtJof-KKsjQACTDcAAn0UUEuCOF6jNqF_JTYE
6th anniversary cake tree,CAACAgIAAxkBAAEP6k1pLToRjY8AAWEMcwqoAW1LA35W8N0AAiczAALxbUlLsa9aPEBSVuE2BA
water spirit,CAACAgIAAxkBAAEP6k9pLToUKp7Tx8xde9EyMfCgu2HYowACoDIAAtOxUUv04FbdNnBHwjYE
sundae tree,CAACAgIAAxkBAAEP6lFpLTolREVrUgFto-og7SJyJVuVzwAChzcAAodSUEubm7nZlRsI-DYE
lover tree,CAACAgIAAxkBAAEP6lNpLTo2diEmY3xvQcOQ371MujU_iwACGj0AAvVlUUuPDe6JvB5aYzYE
pear tree house,CAACAgIAAxkBAAEP6lVpLTo9VDlrW9PpQpGqsvLc6PmvwwACLDYAAl5qUUtkc8YVHmH1czYE
witch mushroom,CAACAgIAAxkBAAEP6ldpLTpCKPEXW2B88pyxe-RqcGH-XAACv0MAAmZ6SUtbQcPgWX79pjYE
lily flower,CAACAgIAAxkBAAEP6llpLTpJA8srQM8usmZjuQgcAAHolkYAAhZAAALqDElLIlUHm_OyVR82BA
twilight guardian,CAACAgIAAxkBAAICUmitxegL6ftBnSOSkL-eqJydpX5mAAJ6KgACVZRRSlatxRzGWxt0NgQ
tulip,CAACAgIAAxkBAAEP6ltpLTpXlXdmeDCGmu8nmlI6_mnipgACIjgAAkvsUEvU-htXDhUNODYE
plum blossom,CAACAgIAAxkBAAEP6l1pLTpe5j3K-_KnIEhKQ81s7-JLEQAC1zUAAh5pUUvtRMRkmSCcujYE
camellia,CAACAgIAAxkBAAEP6l9pLTpmr_O274_0jJnylX1E3_1i2wACaDEAAmTkUUt3J5tO_XsGYDYE
luminie,CAACAgIAAxkBAAEP6mFpLTpsVjchO6amGeBVeWhwVfc-DAAChjkAAp_BUUto_8bjyA3GtzYE
7th anniversary cake tree,CAACAgIAAxkBAAEP6mNpLTpzY-jPSc9nY8BCffwwYIic7wACNzYAAmJTUUvt899EY7f_lDYE
lavender,CAACAgIAAxkBAAEP6mVpLTp8yjvJS2DpyaAwTf9UcFI6FAACCzQAAuZTSUvVt2e1x29cmzYE
rice,CAACAgIAAxkBAAEP6mdpLTqBgJaCPzt4r6EXeAbnE_ut2gACSjwAAutzUUsUs05tEb6zTTYE
statue of tada,CAACAgIAAxkBAAEP6mlpLTqocgYQ-FicGzk-9u02GjO0qgACRzcAAvMDSEtXt5cYUm52KzYE
golden wings,CAACAgIAAxkBAAEP6mtpLTqzPIjLwNUaYHXjRPjRowyJtwACx0AAAqCnSEsnmKJbOW7FOzYE
osmanthus,CAACAgIAAxkBAAEP6nFpLTwhPWRoeBuqfYroa-IKn2LL1gACLjkAAp0SUUvnszF8jyXzdzYE
cosmos,CAACAgIAAxkBAAEP6nNpLTwvuC3HadtK30elRW18YL_j0gAClzUAApI-UEsDzO7EXfr1mTYE
wishing tree,CAACAgIAAxkBAAEP6nVpLTw0R8mxWH8Xj_o44_Ram2bh5QAC6zMAAgrQUUvItnCvV700BTYE
lantern flower,CAACAgIAAxkBAAIChmitxrTdd1aON4iGFeBuKS1Ni7qUAAJSZgAC6b14S47jRUmoKvtmNgQ
narcissus,CAACAgIAAxkBAAEP6ndpLTw417CS1FOEqV0SCKtGeFH8FgACYD4AAjgWSUuhR0CM82Zc2zYE
tinytan - rm (clematis),CAACAgIAAxkBAAICjmitxw2kfeLc-vMPYjFobw5QZlJIAAIPKwACvclRSsQZYC7VWnijNgQ
tinytan - jin (rumex),CAACAgIAAxkBAAICkmitxy8fbcMdiWL7cqEuQcJpe-5zAAJ6KQAC3GZQSmUBZaFy6YaCNgQ
tinytan - suga (larch),CAACAgIAAxkBAAIClmitx0w3KiRTVcExSnrHnhWFlFftAAJJKgACsshQSvTBGl-qPvA_NgQ
tinytan - j-hope (buttercup),CAACAgIAAxkBAAICmmitx2Xm4CtHHvtbqxpI5YjnAAK3AAKvKgACOLNZSthi2BrrHLXgNgQ
tinytan - jimin (spirea),CAACAgIAAxkBAAICnmitx364Gnom8JWwmt4sSi8PfFwXAAIzLgACgFFZSqV_rNtJigRENgQ
tinytan - v (wintersweet),CAACAgIAAxkBAAIComitx5bwioIAARFTOZfYQhyKuBmNawACdCkAAvHzWEpKtPbsKtjS9jYE
tinytan - jung kook (tiger flower),CAACAgIAAxkBAAICpmitx6fztJyX5H160BUgcJzJPbfDAAJJKgAC0PlRSkdS9fvdRGAHNgQ
8th anniversary cake tree,CAACAgIAAxkBAAEP6ntpLTxLFDJr3RdY7tG7kEL6X5XnBgACtTUAAkSXUEu-0_TodstIDzYE
lotus,CAACAgIAAxkBAAEP6n1pLTxXbk8WnO3s4QPUMf2Mt2VBiwACCDUAAkNkUUsT9QTTvrdEQjYE
tangerine tree,CAACAgIAAxkBAAEP6n9pLTxdfD_WlZ7VVXthiwUaIKsIDQACwjoAAqMJSEuudoaSC_AptjYE
golden trumpet tree,CAACAgIAAxkBAAEP6oFpLTxheFDBuH2-jz1vFghUeYIoDAAChF0AAgxpYUqDmG2APvqd8zYE
9th anniversary cake tree,CAACAgUAAxkBAAEP6qlpLVr8Warmd7EgEPCymv1nps7pfQACrxoAAlhVaVUyJOHKNBTG8DYE
jacaranda,CAACAgIAAxkBAAEP6oVpLTyI43rcmHuo5R7wbYqRQ4sI0QACKHAAAhxzYUqhkNtJ4nkk9zYE
geraniums,CAACAgUAAxkBAAEP6qVpLVr57jupdjpJl4S4d_ZMiSbKLgACDxoAArdBaVX4l6FNNKbx1jYE
10th anniversary cake tree,CAACAgIAAxkBAAICzGityH6LcFbwu7RilQ4GJq6L4h8VAAJrYQACcTBASe6DGf_F0HBONgQ
jacaranda fairy,CAACAgIAAxkBAAIC0GityJhv7FeXnwpE8FOFbZiBHFLCAAKuSgACcOOBSlC-oTDcdvrBNgQ
geraniums fairy,CAACAgIAAxkBAAIC1GityMm_xdLy4Y7EGUd2yRB8a3wdAAK7PwACDBmASpfGOoOfx4_hNgQ
monstera,CAACAgIAAxkBAAIC2GityNnW1gVpeJ0zYDAvAAGhAeao0QACNUsAAoMR0UvqYNMVTXcKZjYE
mooncake tree,CAACAgIAAxkBAAIC3GityOpZqV-JIxVXu9__bcelMeD0AAKWXgACwbfRS9qxYnRmO9hBNgQ
cloud moon tree,CAACAgIAAxkBAAIC4GityPZ01-hhoDNGHok_ogIbPYjJAALkTQACzwnYSxNLEXZOCqBrNgQ
spooky tree,CAACAgIAAxkBAAIC5GityP4KTMuNrT01OOXVRN0PoVVmAAIJVgACjwL4SKwCgw4F9E2-NgQ
snowflake bush,CAACAgIAAxkBAAEP6odpLTzAP2h75D7vLf4feMLHtxy3SgACKlkAAthwYUo0_shDjlhsjTYE
winter starlight,CAACAgIAAxkBAAIC7GityRPBkG50sWUwXIlwjciHEucUAALJXQACrQFQS_5pE5MeWg9cNgQ
mistletoe wreath,CAACAgIAAxkBAAIC8GitySJCciBDIza_X7w0K-0zMWo-AAIBVQACI94pS3xF4jE30JFGNgQ
white calla lily,CAACAgIAAyEFAASbWlO5AAJJbWitvJwvM2xfj7yTnhDJw3TEEFolAALwXwAC3IbwS0lOAvGZ2SXsNgQ
wishing flower,CAACAgIAAxkBAAIC-GityUQQgX_6mrkIRHNjxBto1nJ1AAKqXwACsB6YSzwO3HAxka0FNgQ
moth orchid,CAACAgUAAxkBAAEPeGpo2phdGWVcKz0Xlf8GFFy4teCcywACIhgAArGV0VZhQIjxfx-jNTYE
balloon flower,CAACAgIAAxkBAAIDAAForclkQL3Sr_En_AlPpHEIG-TyqgAClGYAApJF-Ejw7riS61QV_jYE
white rose,CAACAgUAAxkBAAEPeGto2phdLKche28B_Gvap6jXOF5VKwAC0hkAAvE42FYmfgdrMbweazYE
money fortune tree,CAACAgUAAxkBAAIDCGityX48Y_0SojQeHJ2U4ptD2mjOAALuFgAC9DZxVbVBJd3QDaeDNgQ
golden prosperity bowl,CAACAgIAAxkBAAIDDGityY3tT_TTUYSInBmT-L2-INL4AALWbgACJJiZSLrV5XwVDwABjjYE
corn poppy,CAACAgUAAxkBAAEPeGxo2pheaZZJPiiVK4PFGqtCLpkeSwADHAACrE7RVrNRGKC-vgh5NgQ
juliet,CAACAgIAAxkBAAIDFGityax5Fo9Rs5LYvUYHrmMTcFr_AAJDYgACg96YSouNi4_HT0z0NgQ
cyclamen,CAACAgUAAxkBAAIDGGitzli3xxksU4R_gU9lwnfPCQZmAAIjFwACSn9wVfFca_zeKTeMNgQ
bellflower,CAACAgIAAxkBAAIDHGitzmMjrlqeSVcOMhhNLBohK6bhAAKUZQACzKNISXoY91vcESs3NgQ
dancing lady orchid,CAACAgUAAxkBAAIDIGitznbiJFRCXB9W8YNeRMDGKK_HAAIUGgACxStxVYPCeka7UzX0NgQ
epiphyllum,CAACAgUAAxkBAAEPeHpo2piSbwK23UTgH76gIY0GEoJK1wACzRkAAgxm2VZAROmWCB7wQTYE
apricot tree,CAACAgUAAxkBAAIDKGitzpKy-0cqGYDvxvDOu66kf1f2AALsGAACru8gVzH6cM_fRc1mNgQ
snapdragons,CAACAgUAAxkBAAIDLGitzpyfBaHnZvZdYQeyvFA4yCXkAAKBGwACNrRxVZo-I3v6X7SXNgQ
hyacinth,CAACAgUAAxkBAAIDMGitzqNPOjU9V6OEqIUwwcfzvPw7AALiMAACWQ5xVZviOLc4RoiJNgQ
dahlia,CAACAgUAAxkBAAEPeG5o2phfVOel235OIFsnk_GPy_c8AQAC0xwAAr590FbE2WVvUuQHUTYE
calendula,CAACAgIAAxkBAAIDOGitzrY40myRtCewPSE-MRFu0BCZAAI9bQACPHiYSq1VxZPJ88WDNgQ
greensphere,CAACAgIAAxkBAAIDPGitzr0dSMCk_0Hk7oTAwKfvV8l8AALiaQACsyE5SMoEYSZF81EFNgQ
11th anniversary cake tree,CAACAgUAAxkBAAIDQGitztPOZ17Zkog41y_P_2yiGi_iAALHFQACvVhwVQN-sVJM3LudNgQ
staghorn fern,CAACAgUAAxkBAAEPeIBo2piarn5KHLng-a6XUS8m7QhFUgAC6RoAAiTY2VZVXcMTwCTyrTYE
bird of paradise,CAACAgUAAxkBAAEPeHxo2piVp8wvhGPalli8ktKrKSVOOgACPCIAAu6c2FYdPVhbKCwpyTYE
confederate rose,CAACAgUAAxkBAAIDTGitz0W0fcGph_fFoxpBR14KBtgqAALLGgAC7XYhV0ZHivgV0_3kNgQ
rainbow eucalyptus,CAACAgUAAxkBAAEPeH5o2piZjwjkdlrEM-3cKdUkXdzFuwACfyAAAv-92Fb4EFbqe2FTUTYE
red spider lily,CAACAgUAAxkBAAEPWrhow56MG4jAh1vB7tAi1-QOulRm6AACnhkAAuf1GVasCWm8FuOp5TYE
pink rose,CAACAgUAAxkBAAEPeIJo2pic0BM2y1lxSuB16ckGVsAfewACzxsAAplX2FYRTr59kqqG1zYE
incurved chrysanthemum,CAACAgUAAxkBAAIEF2jeRQhztZE2IZHbpy2w8Ca77MEhAAITHAACOx_wVvkLQ3LWvVTpNgQ
azalea,CAACAgUAAxkBAAIEG2jeRSVuehGFLVaculEpC612Kpt3AAKDGgAC0oP4VhvJBKp1TL1HNgQ
royal poinciana,CAACAgUAAxkBAAIEH2jeRTMv6ubG7CQhsB3D1eJoDs-eAAL3GgACs6TxVtP2VZjrGDv5NgQ
dandelion,CAACAgUAAxkBAAIEJWjeRWv2asFeHcjPgWfUe6yfSn2zAALdGgACQp75Vsob43YIIYtBNgQ
snowdrop,CAACAgUAAxkBAAIEKWjeRbXNx9FUPiPpbnxC7K0Cc8lBAAI7GwACV1vwVvxityV5UcSMNgQ
reed,CAACAgUAAxkBAAIELWjeRccaYi4ob0vsLpno7wp_CLdmAAJIGAACH6PxVnGehSRw0zX9NgQ
flaming katy,CAACAgUAAxkBAAIEMWjeRfcV7HpTY5pEi80Hi9WdI3G3AAIqGAACagrxVnzlSyNgTty0NgQ
persimmon,CAACAgUAAxkBAAIENWjeRhbRyWGAw0Unt_CrF48OH6S_AAISHAAChOnwVsxvCUT3YdZeNgQ
choco marshmallow tree,CAACAgUAAxkBAAIEOWjeRh7c-E-u61xNcWL51QQIDGbmAAKgGwAC3znxVnthLGgoMpOKNgQ
venus flytrap,CAACAgUAAxkBAAIEE2jeROcPSsGuNPb-ozgCUHMukheuAAKtGgACrEjxVvBbHz9KHLcrNgQ